size,nodes,edges,list_load_time_s,list_memory_mb,list_edge_qps,list_neighbor_time_s,list_dijkstra_s,list_astar_s,matrix_load_time_s,matrix_memory_mb,matrix_edge_qps,matrix_neighbor_time_s,matrix_dijkstra_s,matrix_astar_s,matrix_skipped,matrix_reason
tiny,100,200,0.007631063461303711,0.09735774993896484,4442648.024573668,0.0,0.0,0.0,0.008181571960449219,0.1345996856689453,0,0.029599428176879883,0.00011191368103027343,0.0,False,
small,961,2402,0.05929923057556152,0.6525802612304688,632472.4048495084,0.002068758010864258,0.000872945785522461,0.0,0.04584670066833496,7.373953819274902,4987874.895944821,0.2973637580871582,0.01607093811035156,0.002625131607055664,False,
medium,10000,30000,0.4450035095214844,8.719099998474121,1605782.5421133232,0.002004861831665039,0.018575286865234374,0.002762508392333984,1.0403366088867188,766.1878786087036,0,3.076646327972412,1.6333428382873536,0.10527911186218261,False,
large,49729,149187,2.393754482269287,46.11472797393799,1025000.9775171066,0.00606083869934082,0.09924807548522949,0.011698198318481446,18.375916481018066,18884.47417831421,603071.7911113028,26.168401956558228,36.00171236991882,11.251155519485474,False,
